[{"@type":"mappingTemplate","id":"@1","name":"m_dutchie_p360_patch_dutchieid","description":"update the product ID back into MDM, maintaining referential integrity.","autoExpireObject":false,"bundleVersion":"0","assetFrsGuid":"3dYT13IjRBqkakjAjWUN8k","templateId":"@3","deployTime":1754480977000,"hasParameters":false,"valid":true,"fixedConnection":true,"hasParametersDeployed":false,"fixedConnectionDeployed":true,"isSchemaValidationEnabled":false,"tasks":0,"mappingPreviewFileRecordId":"@2","documentType":"MAPPING","allowMaxFieldLength":false,"specialCharacterSupport":false,"references":[{"@type":"reference","refObjectId":"@aBTYIBtx9lNl1W6bFvcf6D","refType":"connection"},{"@type":"reference","refObjectId":"@9RZZDi3DiZ0e1UcWgSjVcM","refType":"connection"}]}]